{
  "definitions": [
    {
      "title": "Hero-Fullwidth",
      "id": "heroFullwidth",
      "plugins": {
        "xwalk": {
          "page": {
            "resourceType": "core/franklin/components/block/v1/block",
            "template": {
              "filter": "heroFullwidth",
              "model": "heroFullwidth",
              "name": "Hero-Fullwidth"
            }
          }
        }
      }
    }
  ],
  "models": [
    {
      "id": "heroFullwidth",
      "description": "",
      "fields": [
        {
          "component": "reference",
          "label": "Background Video",
          "name": "backgroundVideo",
          "valueType": "string"
        },
        {
          "component": "text",
          "label": "Background Poster Alt",
          "name": "backgroundPosterAlt",
          "valueType": "string"
        },
        {
          "component": "richtext",
          "label": "Title",
          "name": "title",
          "valueType": "string"
        },
        {
          "component": "richtext",
          "label": "Description",
          "name": "description",
          "valueType": "string"
        },
        {
          "component": "container",
          "fields": [
            {
              "component": "text",
              "label": "Primary CTA Label",
              "name": "primaryCtaLabel",
              "valueType": "string"
            },
            {
              "component": "text",
              "label": "Primary CTA Href",
              "name": "primaryCtaHref",
              "valueType": "string"
            },
            {
              "component": "text",
              "label": "Secondary CTA Label",
              "name": "secondaryCtaLabel",
              "valueType": "string"
            },
            {
              "component": "text",
              "label": "Secondary CTA Href",
              "name": "secondaryCtaHref",
              "valueType": "string"
            }
          ],
          "label": "CTAs",
          "name": "ctas"
        }
      ]
    }
  ],
  "filters": [
    {
      "id": "heroFullwidth",
      "components": [
        "heroFullwidth"
      ]
    }
  ]
}