{
  "definitions": [
    {
      "title": "Header-Navigation",
      "id": "headerNavigation",
      "plugins": {
        "xwalk": {
          "page": {
            "resourceType": "core/franklin/components/block/v1/block",
            "template": {
              "filter": "headerNavigation",
              "model": "headerNavigation",
              "name": "Header-Navigation"
            }
          }
        }
      }
    },
    {
      "title": "MenuItem",
      "id": "menuItem",
      "plugins": {
        "xwalk": {
          "page": {
            "resourceType": "core/franklin/components/block/v1/block/item",
            "template": {
              "model": "menuItem",
              "name": "MenuItem"
            }
          }
        }
      }
    },
    {
      "title": "LanguageOption",
      "id": "languageOption",
      "plugins": {
        "xwalk": {
          "page": {
            "resourceType": "core/franklin/components/block/v1/block/item",
            "template": {
              "model": "languageOption",
              "name": "LanguageOption"
            }
          }
        }
      }
    }
  ],
  "models": [
    {
      "id": "menuItem",
      "description": "",
      "fields": [
        {
          "component": "text",
          "label": "Label",
          "name": "label",
          "valueType": "string"
        },
        {
          "component": "text",
          "label": "URL",
          "name": "url",
          "valueType": "string"
        },
        {
          "component": "checkbox-group",
          "label": "Has Submenu",
          "name": "hasSubmenu",
          "options": [
            {
              "label": "Yes",
              "value": "true"
            }
          ],
          "valueType": "array"
        },
        {
          "component": "richtext",
          "label": "Submenu",
          "name": "submenu",
          "valueType": "string"
        }
      ]
    },
    {
      "id": "languageOption",
      "description": "",
      "fields": [
        {
          "component": "text",
          "label": "Label",
          "name": "label",
          "valueType": "string"
        },
        {
          "component": "text",
          "label": "URL",
          "name": "url",
          "valueType": "string"
        },
        {
          "component": "text",
          "label": "Language Code",
          "name": "langCode",
          "valueType": "string"
        }
      ]
    },
    {
      "id": "headerNavigation",
      "description": "",
      "fields": [
        {
          "component": "aem-tag",
          "label": "Logo Link",
          "name": "logoLink",
          "valueType": "string"
        },
        {
          "component": "text",
          "label": "Contact Us Label",
          "name": "contactUsLabel",
          "valueType": "string"
        },
        {
          "component": "text",
          "label": "Contact Us URL",
          "name": "contactUsUrl",
          "valueType": "string"
        },
        {
          "component": "reference",
          "label": "Menu Items",
          "name": "menuItems",
          "valueType": "array"
        },
        {
          "component": "reference",
          "label": "Language Options",
          "name": "languageOptions",
          "valueType": "array"
        }
      ]
    }
  ],
  "filters": [
    {
      "id": "headerNavigation",
      "components": [
        "menuItem",
        "languageOption"
      ]
    }
  ]
}