{
  "definitions": [
    {
      "title": "Card-List",
      "id": "cardList",
      "plugins": {
        "xwalk": {
          "page": {
            "resourceType": "core/franklin/components/block/v1/block",
            "template": {
              "filter": "cardList",
              "model": "cardList",
              "name": "Card-List"
            }
          }
        }
      }
    },
    {
      "title": "Card",
      "id": "card",
      "plugins": {
        "xwalk": {
          "page": {
            "resourceType": "core/franklin/components/block/v1/block/item",
            "template": {
              "model": "card",
              "name": "Card"
            }
          }
        }
      }
    }
  ],
  "models": [
    {
      "id": "cardList",
      "description": "",
      "fields": [
        {
          "component": "richtext",
          "label": "Heading",
          "name": "heading",
          "valueType": "string"
        },
        {
          "component": "aem-tag",
          "label": "CTA",
          "name": "cta",
          "valueType": "string"
        }
      ]
    },
    {
      "id": "card",
      "description": "",
      "fields": [
        {
          "component": "reference",
          "label": "Image",
          "name": "image",
          "valueType": "string"
        },
        {
          "component": "text",
          "label": "Title",
          "name": "title",
          "valueType": "string"
        },
        {
          "component": "richtext",
          "label": "Description",
          "name": "description",
          "valueType": "string"
        }
      ]
    }
  ],
  "filters": [
    {
      "id": "cardList",
      "components": [
        "card"
      ]
    }
  ]
}