{
  "definitions": [
    {
      "title": "Text-And-Media",
      "id": "textAndMedia",
      "plugins": {
        "xwalk": {
          "page": {
            "resourceType": "core/franklin/components/block/v1/block",
            "template": {
              "filter": "textAndMedia",
              "model": "textAndMedia",
              "name": "Text-And-Media"
            }
          }
        }
      }
    }
  ],
  "models": [
    {
      "id": "textAndMedia",
      "description": "",
      "fields": [
        {
          "component": "reference",
          "label": "Image",
          "name": "image",
          "valueType": "string"
        },
        {
          "component": "richtext",
          "label": "Title",
          "name": "title",
          "valueType": "string"
        },
        {
          "component": "richtext",
          "label": "Description",
          "name": "description",
          "valueType": "string"
        },
        {
          "component": "aem-tag",
          "label": "CTA",
          "name": "cta",
          "valueType": "string"
        },
        {
          "component": "aem-tag",
          "label": "CTA Label",
          "name": "ctaLabel",
          "valueType": "string"
        },
        {
          "component": "aem-tag",
          "label": "CTA Aria Label",
          "name": "ctaAriaLabel",
          "valueType": "string"
        }
      ]
    }
  ],
  "filters": [
    {
      "id": "textAndMedia",
      "components": [
        "textAndMedia"
      ]
    }
  ]
}